{
    "autel robotics xt705 5472 3648 brown 0.8055": {
        "projection_type": "brown",
        "width": 5472,
        "height": 3648,
        "focal_x": 0.762962729416417,
        "focal_y": 0.762962729416417,
        "c_x": -0.0002886152630045892,
        "c_y": 0.0010661922223213394,
        "k1": 0.0631124801663452,
        "k2": -0.18292775971254804,
        "p1": 0.0013314269077823377,
        "p2": -0.0004200455244127502,
        "k3": 0.2054234247154582
    }
}